/*M!999999\- enable the sandbox mode */ 
-- MariaDB dump 10.19  Distrib 10.11.11-MariaDB, for debian-linux-gnu (x86_64)
--
-- Host: localhost    Database: gestion_vehicules
-- ------------------------------------------------------
-- Server version	10.11.11-MariaDB-0+deb12u1

/*!40101 SET @OLD_CHARACTER_SET_CLIENT=@@CHARACTER_SET_CLIENT */;
/*!40101 SET @OLD_CHARACTER_SET_RESULTS=@@CHARACTER_SET_RESULTS */;
/*!40101 SET @OLD_COLLATION_CONNECTION=@@COLLATION_CONNECTION */;
/*!40101 SET NAMES utf8mb4 */;
/*!40103 SET @OLD_TIME_ZONE=@@TIME_ZONE */;
/*!40103 SET TIME_ZONE='+00:00' */;
/*!40014 SET @OLD_UNIQUE_CHECKS=@@UNIQUE_CHECKS, UNIQUE_CHECKS=0 */;
/*!40014 SET @OLD_FOREIGN_KEY_CHECKS=@@FOREIGN_KEY_CHECKS, FOREIGN_KEY_CHECKS=0 */;
/*!40101 SET @OLD_SQL_MODE=@@SQL_MODE, SQL_MODE='NO_AUTO_VALUE_ON_ZERO' */;
/*!40111 SET @OLD_SQL_NOTES=@@SQL_NOTES, SQL_NOTES=0 */;

--
-- Table structure for table `adresses`
--

DROP TABLE IF EXISTS `adresses`;
/*!40101 SET @saved_cs_client     = @@character_set_client */;
/*!40101 SET character_set_client = utf8mb4 */;
CREATE TABLE `adresses` (
  `id` int(11) NOT NULL AUTO_INCREMENT,
  `client_id` int(11) NOT NULL,
  `voie` varchar(255) DEFAULT NULL,
  `complement` varchar(255) DEFAULT NULL,
  `code_postal` varchar(10) DEFAULT NULL,
  `ville` varchar(100) DEFAULT NULL,
  PRIMARY KEY (`id`),
  KEY `IDX_EF19255219EB6921` (`client_id`),
  CONSTRAINT `FK_EF19255219EB6921` FOREIGN KEY (`client_id`) REFERENCES `clients` (`id`)
) ENGINE=InnoDB AUTO_INCREMENT=64 DEFAULT CHARSET=utf8mb4 COLLATE=utf8mb4_unicode_ci;
/*!40101 SET character_set_client = @saved_cs_client */;

--
-- Dumping data for table `adresses`
--

LOCK TABLES `adresses` WRITE;
/*!40000 ALTER TABLE `adresses` DISABLE KEYS */;
INSERT INTO `adresses` VALUES
(1,1,'1BIS RUE CREUSE',NULL,'77120','MAROLLES EN BRIE'),
(2,2,'18 RUE DES CERISIERS',NULL,'60290','LAIGNEVILLE'),
(3,3,'2 ROUTE DE FORMERIE',NULL,'60220','BOUVRESSE'),
(4,4,'111 RUE DE REUILLY',NULL,'75012','PARIS-12E__ARRONDISSEMENT'),
(5,5,'7 RUE DE JUSSIEU',NULL,'77520','MONTIGNY LENCOUP'),
(6,6,'11 RUE CHARLES CORDIER',NULL,'77164','FERRIERES'),
(7,7,'19 RUE PIERRE DE NAVARRE',NULL,'77100','MEAUX'),
(8,8,'70 RUE EMILE ZOLA',NULL,'77124','CREGY LES MEAUX'),
(9,9,NULL,NULL,'77100','MEAUX'),
(10,10,'39 RUE FRANCOIS VILLON',NULL,'95820','BRUYERES SUR OISE'),
(11,11,'53 AVENUE JEAN JAURES',NULL,'93350','LE BOURGET'),
(12,12,'53 AVENUE JEAN JAURES',NULL,'93350','LE BOURGET'),
(13,13,'TSA 90001',NULL,'78182','ST QUENTIN'),
(14,14,'12 RUE DES TOURNELLES',NULL,'77174','VILLENEUVE SAINT DENIS'),
(15,15,'14 CHEMIN PARE',NULL,'77580','COULOMMES'),
(16,16,'235 RUE DES PETITS PRES',NULL,'60250','HEILLES'),
(17,17,'RUE DU PONT DE SAINT LEU',NULL,'60270','GOUVIEUX'),
(18,11,'53 AVENUE JEAN JAURES',NULL,'93350','LE BOURGET'),
(19,18,'31 AVENUE DE LA REPUBLIQUE',NULL,'77100','MEAUX'),
(20,19,'14 RUE DE LA GARENNE',NULL,'77320','CERNEUX'),
(21,20,'13 RUE JEAN MOULIN',NULL,'77120','COULOMMIERS'),
(22,21,'98 AVENUE DE FONTAINEBLEAU',NULL,'77310','SAINT FARGEAU PONTHIERRY'),
(23,22,'1 DU GUE LANGLOIS',NULL,'77600','BUSSY SAINT GEORGES'),
(24,23,'8 AVENUE LEON BLUM',NULL,'93330','NEUILLY SUR MARNE'),
(25,24,'31 RUE PIERRE MENDES FRANCE',NULL,'77100','NANTEUIL LES MEAUX'),
(26,25,'22 RUE DES 2 GARES',NULL,'92564','RUEIL MALMAISON CEDEX'),
(27,26,'255 RN6',NULL,'77240','VERT SAINT DENIS'),
(28,27,'255 RN6',NULL,'77240','VERT SAINT DENIS'),
(29,26,'255 RN6',NULL,'77240','VERT SAINT DENIS'),
(30,26,'255 RN6',NULL,'77240','VERT SAINT DENIS'),
(31,25,'85 87 AVENUE DU GENERAL DE GAULLE',NULL,'94000','CRETEIL'),
(32,26,'255 RN6',NULL,'77240','VERT SAINT DENIS'),
(33,26,'255 RN6',NULL,'77240','VERT SAINT DENIS'),
(34,26,'255 RN6',NULL,'77240','VERT SAINT DENIS'),
(35,26,'255 RN6',NULL,'77240','VERT SAINT DENIS'),
(36,28,'80 IMPASSE BOIS SAVONNETTE',NULL,'97232','LE LAMENTIN'),
(37,29,'3 AVENUE DU GENERAL DE GAULLE',NULL,'77440','LIZY SUR OURCQ'),
(38,4,'1 RUE CHEMIN BLANC',NULL,'91160','LONGJUMEAU'),
(39,25,'85 87 AVENUE DU GENERAL DE GAULLE',NULL,'94000','CRETEIL'),
(40,11,'53 AVENUE JEAN JAURES',NULL,'93350','LE BOURGET'),
(41,11,'53 AVENUE JEAN JAURES',NULL,'93350','LE BOURGET'),
(42,11,'53 AVENUE JEAN JAURES',NULL,'93350','LE BOURGET'),
(43,11,'53 AVENUE JEAN JAURES',NULL,'93350','LE BOURGET'),
(44,30,'2 RUE DE FLORE',NULL,'77124','CREGY LES MEAUX'),
(45,31,'8 RUE JULES LOPARD',NULL,'77450','ESBLY'),
(46,32,'22 RUE DU 8 MAI 1945',NULL,'95340','PERSAN'),
(47,33,'RUE DES LONGS REAGES',NULL,'28230','EPERNON'),
(48,25,'22 RUE DES 2 GARES',NULL,'92564','RUEIL MALMAISON CEDEX'),
(49,34,'2 B RUE ST AIGNAN',NULL,'77171','LECHELLE'),
(50,29,'3 AVENUE DU GENERAL DE GAULLE',NULL,'77440','LIZY SUR OURCQ'),
(51,35,'62 RUE DES DROITS DE L HOMME',NULL,'60740','SAINT MAXIMIN'),
(52,25,'85 87 AVENUE DU GENERAL DE GAULLE',NULL,'94000','CRETEIL'),
(53,25,'22 RUE DES 2 GARES',NULL,'92564','RUEIL MALMAISON CEDEX'),
(54,36,'1 RUE TRISTAN TZARA','TZARA','75018','PARIS-18E__ARRONDISSEMENT'),
(55,37,'255 ROUTE DEPARTEMENTALE 306',NULL,'77240','VERT SAINT DENIS'),
(56,25,'22 RUE DES 2 GARES',NULL,'92564','RUEIL MALMAISON CEDEX'),
(57,38,'36 RUE LEON BOUFFLET',NULL,'60740','SAINT MAXIMIN'),
(58,39,'2 ALLEE FONTAINE DES TOURNELLES',NULL,'77230','SAINT MARD'),
(59,25,'22 RUE DES 2 GARES',NULL,'92564','RUEIL MALMAISON CEDEX'),
(60,25,'22 RUE DES 2 GARES',NULL,'92564','RUEIL MALMAISON CEDEX'),
(61,11,'53 AVENUE JEAN JAURES',NULL,'93350','LE BOURGET'),
(62,11,'53 AVENUE JEAN JAURES',NULL,'93350','LE BOURGET'),
(63,40,NULL,NULL,NULL,NULL);
/*!40000 ALTER TABLE `adresses` ENABLE KEYS */;
UNLOCK TABLES;

--
-- Table structure for table `civilites`
--

DROP TABLE IF EXISTS `civilites`;
/*!40101 SET @saved_cs_client     = @@character_set_client */;
/*!40101 SET character_set_client = utf8mb4 */;
CREATE TABLE `civilites` (
  `id` int(11) NOT NULL AUTO_INCREMENT,
  `libelle` varchar(10) NOT NULL,
  PRIMARY KEY (`id`),
  UNIQUE KEY `UNIQ_7492F4F1A4D60759` (`libelle`)
) ENGINE=InnoDB AUTO_INCREMENT=5 DEFAULT CHARSET=utf8mb4 COLLATE=utf8mb4_unicode_ci;
/*!40101 SET character_set_client = @saved_cs_client */;

--
-- Dumping data for table `civilites`
--

LOCK TABLES `civilites` WRITE;
/*!40000 ALTER TABLE `civilites` DISABLE KEYS */;
INSERT INTO `civilites` VALUES
(4,'GGE'),
(2,'MME'),
(1,'MR'),
(3,'STE');
/*!40000 ALTER TABLE `civilites` ENABLE KEYS */;
UNLOCK TABLES;

--
-- Table structure for table `clients`
--

DROP TABLE IF EXISTS `clients`;
/*!40101 SET @saved_cs_client     = @@character_set_client */;
/*!40101 SET character_set_client = utf8mb4 */;
CREATE TABLE `clients` (
  `id` int(11) NOT NULL AUTO_INCREMENT,
  `civilite_id` int(11) DEFAULT NULL,
  `nom` varchar(100) NOT NULL,
  `prenom` varchar(100) DEFAULT NULL,
  `compte_affaire` varchar(50) DEFAULT NULL,
  `est_proprietaire_actuel` tinyint(1) NOT NULL,
  PRIMARY KEY (`id`),
  KEY `IDX_C82E7439194ABF` (`civilite_id`),
  CONSTRAINT `FK_C82E7439194ABF` FOREIGN KEY (`civilite_id`) REFERENCES `civilites` (`id`)
) ENGINE=InnoDB AUTO_INCREMENT=41 DEFAULT CHARSET=utf8mb4 COLLATE=utf8mb4_unicode_ci;
/*!40101 SET character_set_client = @saved_cs_client */;

--
-- Dumping data for table `clients`
--

LOCK TABLES `clients` WRITE;
/*!40000 ALTER TABLE `clients` DISABLE KEYS */;
INSERT INTO `clients` VALUES
(1,1,'AZIZA','JULIEN','LABOHYMEA',0),
(2,NULL,'ALIPIO TEIXEIRA B&TP',NULL,'LABOHYMEA',1),
(3,2,'ANSEL','MARIE CHRISTINE','LABOHYMEA',1),
(4,3,'ARVAL',NULL,'LABOHYMEA',1),
(5,NULL,'AOUANA','YANIS','LABOHYMEA',1),
(6,NULL,'ASCIER',NULL,'LABOHYMEA',0),
(7,1,'ATTALI','WILLIAM','LABOHYMEA',1),
(8,1,'ANDRIEUX','KEVIN','LABOHYMEA',1),
(9,NULL,'ATLAS AUTO',NULL,'LABOHYMEA',1),
(10,1,'ADEM','LOUNES','LABOHYMEA',1),
(11,NULL,'ATHLON CAR LEASE',NULL,'LABOHYMEA',1),
(12,NULL,'ATHLON CAR LEASE',NULL,'LABOHYMEA',1),
(13,NULL,'ALPHABET',NULL,'LABOHYMEA',1),
(14,NULL,'ANTONY','FRANCOIS-XAVIER','LABOHYMEA',1),
(15,2,'ADELON','CATHY','LABOHYMEA',1),
(16,2,'ALLIET','TIFFANY','LABOHYMEA',1),
(17,3,'ASMH',NULL,'LABOHYMEA',1),
(18,1,'ASSELINEAU','FREDERIC','LABOHYMEA',1),
(19,1,'ALAVOINE','PATRICK','LABOHYMEA',0),
(20,1,'ANCART','BENJAMIN','LABOHYMEA',1),
(21,NULL,'ASS MAINTIEN DOMICILE PERSONNE',NULL,'LABOHYMEA',1),
(22,NULL,'ALTO INGENIERIE',NULL,'LABOHYMEA',1),
(23,2,'AKAKPO','DONANON','LABOHYMEA',1),
(24,1,'ASANDULUI','CONSTANTIN','LABOHYMEA',1),
(25,3,'ARVAL SERVICE LEASE',NULL,'LABOHYMEA',1),
(26,3,'AUTOS LINE',NULL,'LABOHYMEA',1),
(27,3,'AUTOS LINE',NULL,'LABOHYMEA',1),
(28,NULL,'A.S.R.A.',NULL,'LABOHYMEA',1),
(29,NULL,'AUDEMAR','CEDRIC','LABOHYMEA',1),
(30,2,'ADIN','JULIA','LABOHYMEA',1),
(31,1,'AMKHAOU','TAHAR','LABOHYMEA',1),
(32,NULL,'AUTOMATIC SYSTEMS',NULL,'LABOHYMEA',1),
(33,NULL,'APTIV HOLDING FRANCE',NULL,'LABOHYMEA',1),
(34,1,'AGOUDJIL','HAMID','LABOHYMEA',0),
(35,4,'ABCIS PICARDIE',NULL,'LABOHYMEA',1),
(36,NULL,'AFMTBT',NULL,'LABOHYMEA',1),
(37,3,'AUTO LINE',NULL,'LABOHYMEA',1),
(38,NULL,'ASSISTANCE SERRURERIE ANTONIO',NULL,'LABOHYMEA',1),
(39,NULL,'AUTO SAINT MARD',NULL,'LABOHYMEA',1),
(40,NULL,'',NULL,'LABOHYMEA',0);
/*!40000 ALTER TABLE `clients` ENABLE KEYS */;
UNLOCK TABLES;

--
-- Table structure for table `contacts`
--

DROP TABLE IF EXISTS `contacts`;
/*!40101 SET @saved_cs_client     = @@character_set_client */;
/*!40101 SET character_set_client = utf8mb4 */;
CREATE TABLE `contacts` (
  `id` int(11) NOT NULL AUTO_INCREMENT,
  `client_id` int(11) NOT NULL,
  `telephone_domicile` varchar(20) DEFAULT NULL,
  `telephone_portable` varchar(20) DEFAULT NULL,
  `telephone_professionnel` varchar(20) DEFAULT NULL,
  `email` varchar(100) DEFAULT NULL,
  PRIMARY KEY (`id`),
  KEY `IDX_3340157319EB6921` (`client_id`),
  CONSTRAINT `FK_3340157319EB6921` FOREIGN KEY (`client_id`) REFERENCES `clients` (`id`)
) ENGINE=InnoDB AUTO_INCREMENT=64 DEFAULT CHARSET=utf8mb4 COLLATE=utf8mb4_unicode_ci;
/*!40101 SET character_set_client = @saved_cs_client */;

--
-- Dumping data for table `contacts`
--

LOCK TABLES `contacts` WRITE;
/*!40000 ALTER TABLE `contacts` DISABLE KEYS */;
INSERT INTO `contacts` VALUES
(1,1,NULL,'0624536655',NULL,'JULIEN.AZIZA@ORANGE.FR'),
(2,2,NULL,'0662302010',NULL,'ALIPIOTEIXEIRA@YAHOO.FR'),
(3,3,NULL,'0677950397',NULL,NULL),
(4,4,NULL,'0788190227',NULL,NULL),
(5,5,NULL,'0698942487',NULL,'yanisaouana@yahoo.fr'),
(6,6,'0160436116',NULL,NULL,'COMPTA@ASCIER.FR'),
(7,7,NULL,'0633584700',NULL,'william.attali@gmail.com'),
(8,8,NULL,'0626744790',NULL,'KEVINANDRIEUX1989@GMAIL.COM'),
(9,9,NULL,NULL,NULL,NULL),
(10,10,NULL,'0626422683',NULL,'ademlounes@gmail.com'),
(11,11,NULL,'0674441722',NULL,'georges.dossantos@gmail.com'),
(12,12,NULL,'0674441722',NULL,'georges.dossantos@gmail.com'),
(13,13,NULL,'0778346392',NULL,NULL),
(14,14,NULL,'0615471798',NULL,NULL),
(15,15,NULL,'0626624754',NULL,'KOULIE@HOTMAIL.FR'),
(16,16,'0614071011','0614071011',NULL,'alliettiffany@gmail.com'),
(17,17,NULL,'0658460269',NULL,'annesophiebichut@gmail.com'),
(18,11,NULL,'0674441722',NULL,'georges.dossantos@gmail.com'),
(19,18,NULL,'0626496372',NULL,NULL),
(20,19,NULL,'0649624031',NULL,'PATRICKALAVOINE77@HOTMAIL.FR'),
(21,20,NULL,'0682246586',NULL,'benjamin.ancart@gmail.com'),
(22,21,'010101010101',NULL,NULL,'APMAD@ORANGE.FR'),
(23,22,NULL,'0635078680',NULL,NULL),
(24,23,NULL,'0621208476',NULL,'MARYSE.TODOME@GMAIL.COM'),
(25,24,NULL,'0629432757',NULL,'TICA.ASANDULUI@GMAIL.COM'),
(26,25,NULL,NULL,NULL,NULL),
(27,26,'0160636319',NULL,NULL,NULL),
(28,27,'0160636319',NULL,NULL,NULL),
(29,26,'0160636319',NULL,NULL,NULL),
(30,26,'0160636319',NULL,NULL,NULL),
(31,25,'0680777385','0672162143',NULL,NULL),
(32,26,'0160636319',NULL,NULL,NULL),
(33,26,'0160636319',NULL,NULL,NULL),
(34,26,'0160636319',NULL,NULL,NULL),
(35,26,'0160636319',NULL,NULL,NULL),
(36,28,NULL,'0613433465',NULL,'ka360pro@gmail.com'),
(37,29,NULL,'0695204769',NULL,NULL),
(38,4,NULL,'0752635442',NULL,NULL),
(39,25,'0680777385','0672162143',NULL,NULL),
(40,11,NULL,'0674441722',NULL,'georges.dossantos@gmail.com'),
(41,11,NULL,'0674441722',NULL,'georges.dossantos@gmail.com'),
(42,11,NULL,'0674441722',NULL,'georges.dossantos@gmail.com'),
(43,11,NULL,'0674441722',NULL,'georges.dossantos@gmail.com'),
(44,30,NULL,'0695821538',NULL,'julanj@orange.fr'),
(45,31,NULL,'0621970696',NULL,NULL),
(46,32,NULL,'0613214171',NULL,NULL),
(47,33,NULL,'0684367621',NULL,'henri.lefevre@aptiv.com'),
(48,25,NULL,NULL,NULL,NULL),
(49,34,NULL,'0616500734',NULL,'h.agoudjil02@yahoo.fr'),
(50,29,NULL,'0695204769',NULL,NULL),
(51,35,'0344646060',NULL,NULL,'elodie.duretz@emilfrey.fr'),
(52,25,'0680777385','0672162143',NULL,NULL),
(53,25,NULL,NULL,NULL,NULL),
(54,36,NULL,'0675333649',NULL,'PRESTIAJO@YAHOO.FR'),
(55,37,NULL,NULL,NULL,NULL),
(56,25,NULL,NULL,NULL,NULL),
(57,38,NULL,'0603811973',NULL,'asantoniopalma@yahoo.fr'),
(58,39,'0164025818',NULL,NULL,'ASMSL.77@wanadoo.fr'),
(59,25,NULL,NULL,NULL,NULL),
(60,25,NULL,NULL,NULL,NULL),
(61,11,NULL,'0674441722',NULL,'georges.dossantos@gmail.com'),
(62,11,NULL,'0674441722',NULL,'georges.dossantos@gmail.com'),
(63,40,NULL,NULL,NULL,NULL);
/*!40000 ALTER TABLE `contacts` ENABLE KEYS */;
UNLOCK TABLES;

--
-- Table structure for table `energies`
--

DROP TABLE IF EXISTS `energies`;
/*!40101 SET @saved_cs_client     = @@character_set_client */;
/*!40101 SET character_set_client = utf8mb4 */;
CREATE TABLE `energies` (
  `id` int(11) NOT NULL AUTO_INCREMENT,
  `libelle` varchar(50) NOT NULL,
  PRIMARY KEY (`id`),
  UNIQUE KEY `UNIQ_CDFAEB39A4D60759` (`libelle`)
) ENGINE=InnoDB AUTO_INCREMENT=6 DEFAULT CHARSET=utf8mb4 COLLATE=utf8mb4_unicode_ci;
/*!40101 SET character_set_client = @saved_cs_client */;

--
-- Dumping data for table `energies`
--

LOCK TABLES `energies` WRITE;
/*!40000 ALTER TABLE `energies` DISABLE KEYS */;
INSERT INTO `energies` VALUES
(1,'DIESEL'),
(5,'ELECTRIQUEs'),
(3,'ESSENCE'),
(4,'HYBRIDE'),
(2,'PLUG-IN');
/*!40000 ALTER TABLE `energies` ENABLE KEYS */;
UNLOCK TABLES;

--
-- Table structure for table `evenements`
--

DROP TABLE IF EXISTS `evenements`;
/*!40101 SET @saved_cs_client     = @@character_set_client */;
/*!40101 SET character_set_client = utf8mb4 */;
CREATE TABLE `evenements` (
  `id` int(11) NOT NULL AUTO_INCREMENT,
  `vehicule_id` int(11) NOT NULL,
  `origine_id` int(11) DEFAULT NULL,
  `compte_evenement` varchar(50) DEFAULT NULL,
  `compte_dernier_evenement` varchar(50) DEFAULT NULL,
  `date_evenement` date DEFAULT NULL,
  `commentaire` longtext DEFAULT NULL,
  `kilometrage` int(11) DEFAULT NULL,
  PRIMARY KEY (`id`),
  KEY `IDX_E10AD4004A4A3511` (`vehicule_id`),
  KEY `IDX_E10AD40087998E` (`origine_id`),
  CONSTRAINT `FK_E10AD4004A4A3511` FOREIGN KEY (`vehicule_id`) REFERENCES `vehicules` (`id`),
  CONSTRAINT `FK_E10AD40087998E` FOREIGN KEY (`origine_id`) REFERENCES `origines_evenements` (`id`)
) ENGINE=InnoDB AUTO_INCREMENT=63 DEFAULT CHARSET=utf8mb4 COLLATE=utf8mb4_unicode_ci;
/*!40101 SET character_set_client = @saved_cs_client */;

--
-- Dumping data for table `evenements`
--

LOCK TABLES `evenements` WRITE;
/*!40000 ALTER TABLE `evenements` DISABLE KEYS */;
INSERT INTO `evenements` VALUES
(1,1,1,'GIDAHYCOU','GIDAHYCOU','1900-01-03','OPX',139924),
(2,2,1,'GIDAHYMAX','GIDAHYMAX','1900-01-01',NULL,10),
(3,3,1,'GIDAHYBEA','GIDAHYBEA','1900-01-04',NULL,43095),
(4,4,1,'GIDAHYCOU','GIDAHYCOU','1900-01-02','AD BLUE',45401),
(5,5,1,'GIDAHYCOU','GIDAHYCOU','1900-01-09','MAJ GPS',23919),
(6,6,1,'GIDAHYBUS','VNVOHYBUS','1900-01-02','PREPA VO',35029),
(7,7,1,'GIDAHYMEA','GIDAHYMEA','1900-01-02',NULL,6),
(8,8,1,'GIDAHYMEA','GIDAHYMEA','1900-01-02',NULL,6),
(9,9,1,'GIDAHYMEA','GIDAHYMEA','1900-01-02',NULL,24985),
(10,10,1,'GIDAHYBEA','GIDAHYMAX','1900-01-02',NULL,10147),
(11,11,1,'GIDAHYBUS','GIDAHYBUS','1900-01-02','PLAQUE',10),
(12,12,1,'GIDAHYBUS','GIDAHYBUS','1900-01-02','PLAQUE',10),
(13,13,1,'GIDAHYBUS','GIDAHYBUS','1900-01-03','MALR',33061),
(14,14,1,'GIDAHYBUS','GIDAHYBUS','1900-01-02','REV 60 000 KM ET 48 MOIS',35709),
(15,15,1,'GIDAHYBEA','VNVOHYMEA','1900-01-06','PREPA VD',10),
(16,16,1,'GIDAHYMAX','GIDAHYMAX','1900-01-07',NULL,51422),
(17,17,1,'GIDAHYMAX','GIDAHYMAX','1900-01-02',NULL,33005),
(18,18,1,'GIDAHYBUS','GIDAHYBUS','1900-01-02','PREPA VN',10),
(19,19,1,'GIDAHYMEA','GIDAHYMEA','1900-01-02',NULL,22000),
(20,20,1,'GIDACOU','GIDAHYCOU','1900-01-05',NULL,74187),
(21,21,1,'GIDAHYMEA','GIDAHYMEA','1900-01-02',NULL,345),
(22,22,2,'VNVOHYMEA','VNVOHYMEA','1900-01-02',NULL,NULL),
(23,23,1,'GIDAHYBUS','GIDAHYBUS','1900-01-02','CAMPAGNE',4509),
(24,24,1,'GIDACARPRO','GIDAHYMEA','1900-01-11','REMISE EN ETAT V O',3480),
(25,25,1,'GIDAHYCOU','GIDAHYMEA','1900-01-05','NUL',19774),
(26,26,1,'GIDAHYMAX','GIDAHYMAX','1900-01-02',NULL,20160),
(27,27,3,'VNVOHYBUS','VNVOHYBUS','1900-01-02',NULL,173400),
(28,28,3,'VNVOHYBUS','VNVOHYBUS','1900-01-02',NULL,202654),
(29,29,3,'VNVOHYBUS','VNVOHYBUS','1900-01-02',NULL,103500),
(30,30,3,'VNVOHYBUS','VNVOHYBUS','1900-01-02',NULL,125458),
(31,31,1,'GIDAHYCOU','GIDAHYCOU','1900-01-08','OPX',30244),
(32,32,1,'GIDAHYCOU','VNVOHYMEA','1899-12-31',NULL,154759),
(33,33,1,'GIDAHYMEA','VNVOHYMEA','1899-12-31','remise',139926),
(34,34,3,'VNVOHYMEA','VNVOHYMEA','1900-01-02',NULL,179318),
(35,35,3,'VNVOHYMEA','VNVOHYMEA','1899-12-31',NULL,214510),
(36,36,1,'GIDAHYMAX','GIDAHYMAX','1900-01-03',NULL,9),
(37,37,1,'GIDACOU','GIDAHYCOU','1900-01-04',NULL,259122),
(38,38,1,'GIDAHYMEA','GIDAHYMEA','1900-01-03',NULL,2998),
(39,39,1,'GIDAHYBUS','GIDAHYBUS','1900-01-03','PREPA VN',10),
(40,40,4,'GIDAHYBUS','GIDAHYBUS','1900-01-03',NULL,10),
(41,41,1,'GIDAHYBUS','GIDAHYBUS','1900-01-03','PREPA VN',10),
(42,42,4,'GIDAHYBUS','GIDAHYBUS','1900-01-03',NULL,NULL),
(43,43,4,'GIDAHYBUS','GIDAHYBUS','1900-01-03',NULL,NULL),
(44,44,4,'GIDAHYCOU','GIDAHYCOU','1900-01-02',NULL,7012),
(45,45,1,'GIDAHYMEA','GIDAHYMEA','1900-01-03','rev 105000 kms',106840),
(46,46,1,'GIDACOU','GIDAHYCOU','1899-12-31','CHOC',157119),
(47,47,1,'GIDAHYCOU','GIDAHYMEA','1900-01-10','nul',19398),
(48,48,1,'GIDAHYMAX','GIDAHYMAX','1900-01-03',NULL,17217),
(49,49,1,'GIDACARPRO','GIDAHYCOU','1900-01-02','remise en etat v o',26644),
(50,50,1,'GIDACOU','GIDAHYCOU','1900-01-03','carro',61861),
(51,51,1,'GIDAHYMAX','GIDAHYMAX','1900-01-03',NULL,NULL),
(52,52,1,'GIDAHYBUS','GIDAHYBUS','1900-01-03','PREPA VN',11),
(53,53,1,'GIDAHYBEA','GIDAHYBEA','1900-01-08','MALR',60921),
(54,54,1,'GIDACOU','GIDACOU','1900-01-03',NULL,23315),
(55,55,3,'VNVOHYMAX','VNVOHYMAX','1900-01-02',NULL,163601),
(56,56,1,'GIDAHYMAX','GIDAHYMAX','1900-01-03',NULL,17545),
(57,57,1,'GIDAHYMAX','GIDAHYMAX','1900-01-03',NULL,2),
(58,58,1,'GIDAHYMEA','GIDAHYMEA','1900-01-03',NULL,34906),
(59,59,1,'GIDAHYMEA','VNVOHYMEA','1900-01-03',NULL,6),
(60,60,1,'GIDAHYBEA','GIDAHYBEA','1900-01-03',NULL,34012),
(61,61,1,'GIDAHYBUS','GIDAHYBUS','1900-01-03','PREPA VN',1),
(62,62,2,'VNVOHYBUS','VNVOHYBUS','1900-01-03',NULL,NULL);
/*!40000 ALTER TABLE `evenements` ENABLE KEYS */;
UNLOCK TABLES;

--
-- Table structure for table `marques`
--

DROP TABLE IF EXISTS `marques`;
/*!40101 SET @saved_cs_client     = @@character_set_client */;
/*!40101 SET character_set_client = utf8mb4 */;
CREATE TABLE `marques` (
  `id` int(11) NOT NULL AUTO_INCREMENT,
  `libelle` varchar(50) NOT NULL,
  PRIMARY KEY (`id`),
  UNIQUE KEY `UNIQ_67884F2DA4D60759` (`libelle`)
) ENGINE=InnoDB AUTO_INCREMENT=7 DEFAULT CHARSET=utf8mb4 COLLATE=utf8mb4_unicode_ci;
/*!40101 SET character_set_client = @saved_cs_client */;

--
-- Dumping data for table `marques`
--

LOCK TABLES `marques` WRITE;
/*!40000 ALTER TABLE `marques` DISABLE KEYS */;
INSERT INTO `marques` VALUES
(5,'AUDI'),
(1,'HYUNDAI'),
(2,'PEUGEOT'),
(3,'SUZUKI'),
(4,'TOYOTA'),
(6,'VOLKSWAGEN');
/*!40000 ALTER TABLE `marques` ENABLE KEYS */;
UNLOCK TABLES;

--
-- Table structure for table `messenger_messages`
--

DROP TABLE IF EXISTS `messenger_messages`;
/*!40101 SET @saved_cs_client     = @@character_set_client */;
/*!40101 SET character_set_client = utf8mb4 */;
CREATE TABLE `messenger_messages` (
  `id` bigint(20) NOT NULL AUTO_INCREMENT,
  `body` longtext NOT NULL,
  `headers` longtext NOT NULL,
  `queue_name` varchar(190) NOT NULL,
  `created_at` datetime NOT NULL COMMENT '(DC2Type:datetime_immutable)',
  `available_at` datetime NOT NULL COMMENT '(DC2Type:datetime_immutable)',
  `delivered_at` datetime DEFAULT NULL COMMENT '(DC2Type:datetime_immutable)',
  PRIMARY KEY (`id`),
  KEY `IDX_75EA56E0FB7336F0` (`queue_name`),
  KEY `IDX_75EA56E0E3BD61CE` (`available_at`),
  KEY `IDX_75EA56E016BA31DB` (`delivered_at`)
) ENGINE=InnoDB DEFAULT CHARSET=utf8mb4 COLLATE=utf8mb4_unicode_ci;
/*!40101 SET character_set_client = @saved_cs_client */;

--
-- Dumping data for table `messenger_messages`
--

LOCK TABLES `messenger_messages` WRITE;
/*!40000 ALTER TABLE `messenger_messages` DISABLE KEYS */;
/*!40000 ALTER TABLE `messenger_messages` ENABLE KEYS */;
UNLOCK TABLES;

--
-- Table structure for table `modeles`
--

DROP TABLE IF EXISTS `modeles`;
/*!40101 SET @saved_cs_client     = @@character_set_client */;
/*!40101 SET character_set_client = utf8mb4 */;
CREATE TABLE `modeles` (
  `id` int(11) NOT NULL AUTO_INCREMENT,
  `marque_id` int(11) NOT NULL,
  `libelle` varchar(100) NOT NULL,
  PRIMARY KEY (`id`),
  KEY `IDX_7EAE14484827B9B2` (`marque_id`),
  CONSTRAINT `FK_7EAE14484827B9B2` FOREIGN KEY (`marque_id`) REFERENCES `marques` (`id`)
) ENGINE=InnoDB AUTO_INCREMENT=16 DEFAULT CHARSET=utf8mb4 COLLATE=utf8mb4_unicode_ci;
/*!40101 SET character_set_client = @saved_cs_client */;

--
-- Dumping data for table `modeles`
--

LOCK TABLES `modeles` WRITE;
/*!40000 ALTER TABLE `modeles` DISABLE KEYS */;
INSERT INTO `modeles` VALUES
(1,1,'TUCSON'),
(2,1,'KONA'),
(3,2,'PARTNER VU'),
(4,3,'SWIFT'),
(5,4,'AYGO'),
(6,2,'3008'),
(7,5,'A4'),
(8,1,'I30'),
(9,1,'I20'),
(10,2,'5008'),
(11,2,'308'),
(12,1,'IX35'),
(13,1,'IONIQ'),
(14,1,'SANTA FE'),
(15,6,'TIGUAN');
/*!40000 ALTER TABLE `modeles` ENABLE KEYS */;
UNLOCK TABLES;

--
-- Table structure for table `origines_evenements`
--

DROP TABLE IF EXISTS `origines_evenements`;
/*!40101 SET @saved_cs_client     = @@character_set_client */;
/*!40101 SET character_set_client = utf8mb4 */;
CREATE TABLE `origines_evenements` (
  `id` int(11) NOT NULL AUTO_INCREMENT,
  `libelle` varchar(50) NOT NULL,
  PRIMARY KEY (`id`),
  UNIQUE KEY `UNIQ_3288BB8FA4D60759` (`libelle`)
) ENGINE=InnoDB AUTO_INCREMENT=5 DEFAULT CHARSET=utf8mb4 COLLATE=utf8mb4_unicode_ci;
/*!40101 SET character_set_client = @saved_cs_client */;

--
-- Dumping data for table `origines_evenements`
--

LOCK TABLES `origines_evenements` WRITE;
/*!40000 ALTER TABLE `origines_evenements` DISABLE KEYS */;
INSERT INTO `origines_evenements` VALUES
(1,'ATELIER'),
(4,'MAGASIN'),
(3,'VéHICULE D\'OCCASION'),
(2,'VéHICULE NEUF');
/*!40000 ALTER TABLE `origines_evenements` ENABLE KEYS */;
UNLOCK TABLES;

--
-- Table structure for table `types_clients`
--

DROP TABLE IF EXISTS `types_clients`;
/*!40101 SET @saved_cs_client     = @@character_set_client */;
/*!40101 SET character_set_client = utf8mb4 */;
CREATE TABLE `types_clients` (
  `id` int(11) NOT NULL AUTO_INCREMENT,
  `libelle` varchar(50) NOT NULL,
  PRIMARY KEY (`id`),
  UNIQUE KEY `UNIQ_DDBA9942A4D60759` (`libelle`)
) ENGINE=InnoDB AUTO_INCREMENT=3 DEFAULT CHARSET=utf8mb4 COLLATE=utf8mb4_unicode_ci;
/*!40101 SET character_set_client = @saved_cs_client */;

--
-- Dumping data for table `types_clients`
--

LOCK TABLES `types_clients` WRITE;
/*!40000 ALTER TABLE `types_clients` DISABLE KEYS */;
INSERT INTO `types_clients` VALUES
(1,'PARTICULIER'),
(2,'SOCIETE');
/*!40000 ALTER TABLE `types_clients` ENABLE KEYS */;
UNLOCK TABLES;

--
-- Table structure for table `types_vehicules`
--

DROP TABLE IF EXISTS `types_vehicules`;
/*!40101 SET @saved_cs_client     = @@character_set_client */;
/*!40101 SET character_set_client = utf8mb4 */;
CREATE TABLE `types_vehicules` (
  `id` int(11) NOT NULL AUTO_INCREMENT,
  `libelle` varchar(10) NOT NULL,
  PRIMARY KEY (`id`),
  UNIQUE KEY `UNIQ_A438E605A4D60759` (`libelle`)
) ENGINE=InnoDB AUTO_INCREMENT=3 DEFAULT CHARSET=utf8mb4 COLLATE=utf8mb4_unicode_ci;
/*!40101 SET character_set_client = @saved_cs_client */;

--
-- Dumping data for table `types_vehicules`
--

LOCK TABLES `types_vehicules` WRITE;
/*!40000 ALTER TABLE `types_vehicules` DISABLE KEYS */;
INSERT INTO `types_vehicules` VALUES
(1,'VN'),
(2,'VO');
/*!40000 ALTER TABLE `types_vehicules` ENABLE KEYS */;
UNLOCK TABLES;

--
-- Table structure for table `vehicules`
--

DROP TABLE IF EXISTS `vehicules`;
/*!40101 SET @saved_cs_client     = @@character_set_client */;
/*!40101 SET character_set_client = utf8mb4 */;
CREATE TABLE `vehicules` (
  `id` int(11) NOT NULL AUTO_INCREMENT,
  `marque_id` int(11) DEFAULT NULL,
  `modele_id` int(11) DEFAULT NULL,
  `energie_id` int(11) DEFAULT NULL,
  `type_client_id` int(11) DEFAULT NULL,
  `client_id` int(11) DEFAULT NULL,
  `vin` varchar(50) DEFAULT NULL,
  `immatriculation` varchar(20) DEFAULT NULL,
  `date_mise_circulation` date DEFAULT NULL,
  `version` varchar(255) DEFAULT NULL,
  `numero_fiche` varchar(50) DEFAULT NULL,
  PRIMARY KEY (`id`),
  KEY `IDX_78218C2D4827B9B2` (`marque_id`),
  KEY `IDX_78218C2DAC14B70A` (`modele_id`),
  KEY `IDX_78218C2DB732A364` (`energie_id`),
  KEY `IDX_78218C2DAD2D2831` (`type_client_id`),
  KEY `IDX_78218C2D19EB6921` (`client_id`),
  CONSTRAINT `FK_78218C2D19EB6921` FOREIGN KEY (`client_id`) REFERENCES `clients` (`id`),
  CONSTRAINT `FK_78218C2D4827B9B2` FOREIGN KEY (`marque_id`) REFERENCES `marques` (`id`),
  CONSTRAINT `FK_78218C2DAC14B70A` FOREIGN KEY (`modele_id`) REFERENCES `modeles` (`id`),
  CONSTRAINT `FK_78218C2DAD2D2831` FOREIGN KEY (`type_client_id`) REFERENCES `types_clients` (`id`),
  CONSTRAINT `FK_78218C2DB732A364` FOREIGN KEY (`energie_id`) REFERENCES `energies` (`id`)
) ENGINE=InnoDB AUTO_INCREMENT=63 DEFAULT CHARSET=utf8mb4 COLLATE=utf8mb4_unicode_ci;
/*!40101 SET character_set_client = @saved_cs_client */;

--
-- Dumping data for table `vehicules`
--

LOCK TABLES `vehicules` WRITE;
/*!40000 ALTER TABLE `vehicules` DISABLE KEYS */;
INSERT INTO `vehicules` VALUES
(1,1,1,1,1,1,'TMAJ3815AGJ009703','DW-750-CH','1900-01-08','1.7 CRDI 115ch Creative 2WD','7246'),
(2,1,NULL,1,2,2,'TMAJB81AGMJ127866','GE-630-QL','1900-01-01','TUCSON NG CRDI 136 DCT 48V NLINE EXE TO','11286'),
(3,1,1,NULL,1,3,'TMAJ3817GKJ885874','FH-945-WZ','1900-01-06',NULL,'9393'),
(4,1,1,NULL,1,4,'TMAJC81AGMJ009537','FX-389-MZ','1900-01-02',NULL,'6925'),
(5,1,2,NULL,1,5,'KMHK581GFKU027670','FF-499-EQ','1900-01-03',NULL,'10781'),
(6,2,3,1,2,6,'VF37BBHW6JJ771713','FA-307-SB','1900-01-08','PREMIUM PACK STANDARD BLUE  HDI 75 BVM5','11534'),
(7,1,NULL,2,1,7,'KMHS2811BNU026983','GE-814-ZL','1900-01-02','SANTA FE FL HEV 230 BVA6 INTUITIVE.','1459'),
(8,1,NULL,3,1,8,'NLHBN51HANZ144399','GF-344-CC','1900-01-02','I20 NG 1.2 84 INTUITIVE','11428'),
(9,1,NULL,NULL,1,9,'KMHC751HFKU046772','FH-810-AC','1900-01-05',NULL,'11621'),
(10,1,NULL,1,1,10,'TMAJ3817ALJ082238','FQ-102-RY','1900-01-05','TUCSON A20 CRDI 115 48V CREA','7526'),
(11,1,NULL,4,2,11,'KMHK381EGNU081404',NULL,NULL,'KONA HYB BUSINESS','8195'),
(12,1,NULL,4,2,12,'KMHK381EGNU083078',NULL,NULL,'KONA HYBRID FL BUSINESS','8195'),
(13,1,NULL,1,2,13,'TMAJ3817GLJ132557','FX-845-ZS','1900-01-02','CRDI 136 DCT7 48V NLINE EXECUTIVE','9498'),
(14,1,NULL,NULL,1,14,'KMHC751DGJU081495','EX-840-XQ','1900-01-05',NULL,'11667'),
(15,1,NULL,3,1,15,'NLHBR51GGNZ053534','GA-304-GQ','1900-01-05','I20 NG TGDI 100DCT 48V NLINE+NAV+BITON','11664'),
(16,1,1,1,1,16,'TMAJ3817GKJ738781','FC-301-EB','1900-01-10','CRDI 136 CDT-7 CREA RDS','9883'),
(17,1,NULL,NULL,1,17,'TMAJ3817GLJ019165','FP-736-FH','1900-01-10','N LINE','11580'),
(18,1,NULL,2,2,11,'TMAJE812DNJ080026','GF-536-EF','1900-01-02','TUCSON NG PHEV 265 HTRAC EXE','8195'),
(19,1,NULL,NULL,1,18,'TMAJE811BMJ007740','FX-340-BN','1900-01-01',NULL,'11710'),
(20,1,1,1,1,19,'TMAJ3815GHJ382366','EK-198-XV','1900-01-02','CRDI 141 DCT7 EDITION LOUNGE','9178'),
(21,1,NULL,4,1,20,'TMAJE811BNJ078473','GE-078-YW','1900-01-01','HYB 230 EXECUTIVE','6345'),
(22,1,NULL,3,2,21,'NLHDN51AANZ114042',NULL,NULL,'I10 1.0 67 ECO 4P INTUITIVE','11668'),
(23,1,NULL,NULL,1,22,'TMAJC811BMJ061510','GD-335-GX','1900-01-11',NULL,'11752'),
(24,3,4,3,1,23,'JSAAZCA3S00408936','FX-311-EN','1900-01-01','1.2 DUALJET HYBRID 83CH PACK AUTO','11628'),
(25,1,1,1,1,24,'TMAJ3817GLJ992299','FK-827-RX','1900-01-09','1.6 CRDI 136 DCT-7 PREM  RDS','11722'),
(26,1,NULL,NULL,2,25,'KMHC751DGLU217281','FR-074-WS','1900-01-07',NULL,'7648'),
(27,4,5,3,2,26,'JTDKG18C50N049285','CZ-631-LY','1900-01-03','aygo 1.0vvt i 68ch','1362'),
(28,2,6,1,2,27,'VF30U9HZHAS097492','AQ-463-FG','1900-01-03','1.6 HDi 16v 110CH fap BMP6 BLUE LION PREMIUM Pack','1362'),
(29,5,7,1,2,26,'WAUZZZ8K6CA058214','BW-417-NN','1900-01-09','V6 2.7 TDI 190DPF AMBITION LUXE MULTIRONIC A','1362'),
(30,1,8,1,2,26,'TMAD351UAEJ127657','DE-404-SV','1900-01-03','i 30 1.6 crdi 128ch','1362'),
(31,1,NULL,4,2,25,'TMAJD811BMJ027162','FZ-434-HT','1900-01-04','TUCSON NG HYBRID 230 CREATIVE','1000'),
(32,1,9,3,2,26,'NLHBA51BACZ099364','CB-578-NQ','1900-01-01','1.2 PACK INVENTIVE','1362'),
(33,1,8,1,2,26,'TMAD351UAEJ110847','CY-705-CC','1900-01-07','1.6 CRDI 110 PACK SENSATION BLUE DRIVE 5P','1362'),
(34,2,10,1,2,26,'VF3OE9HR8BS104842','BL-105-NP','1900-01-03','1.6 HDi112 FAP Allure 7pl','1362'),
(35,2,11,1,2,26,'VF34C9HZC9S199531','AQ-781-HR','1900-01-03','1.6 hdi 110 fap premium pack','1362'),
(36,1,NULL,2,2,28,'TMAJB812DNJ079208','GF-357-KM','1900-01-02','TUCSON NG PHEV 265 HTRAC NLINE EX+TO','10570'),
(37,1,12,NULL,1,29,'TMAJU81VACJ231649','BZ-300-SR','1900-01-11',NULL,'2577'),
(38,1,NULL,NULL,1,4,'KMHK381EGNU077843','GD-323-WK','1900-01-11',NULL,'997'),
(39,1,NULL,2,2,25,'TMAJE812DNJ080121','GF-112-CG','1900-01-02','TUCSON NG PHEV 265 HTRAC EXE','1000'),
(40,1,NULL,4,2,11,'TMAJC81AGNJ164034','GE-375-VB','1900-01-01','TUCSON NG CRDI 136 DCT 48V BUSINESS','8195'),
(41,1,NULL,4,2,11,'TMAJC81AGNJ163698','GE-562-ZW','1900-01-02','TUCSON NG CRDI 136 DCT 48V BUSINESS','8195'),
(42,1,NULL,4,2,11,'KMHK381EGNU088038',NULL,NULL,'KONA HYB BUSINESS','8195'),
(43,1,NULL,4,2,11,'KMHK381EGNU088039',NULL,NULL,'KONA HYB BUSINESS','8195'),
(44,1,NULL,3,1,30,'NLHDM51AAMZ059841','FY-262-GZ','1900-01-02','I10 NG 1.0 67 ECO 4P INITIA MY21','9218'),
(45,1,NULL,NULL,1,31,'KMHC751CGHU028166','EM-346-HY','1900-01-04',NULL,'11862'),
(46,1,NULL,NULL,1,32,'TMAH3517AJJ061192','EV-728-KD','1900-01-01',NULL,'4939'),
(47,1,NULL,NULL,1,33,'TMAJE811BMJ006127','FW-299-MV','1899-12-31',NULL,'10587'),
(48,1,NULL,NULL,2,25,'TMAJE812DNJ033343','FZ-279-XC','1900-01-05',NULL,'7648'),
(49,1,13,4,1,34,'KMHC851CGLU202194','FT-476-JD','1900-01-09','ioniq fl hyb creative','11554'),
(50,1,14,NULL,1,29,'KMHS381BDLU199918','FJ-646-SK','1900-01-07',NULL,'2577'),
(51,1,NULL,NULL,2,35,'TMAJ3815AJJ474031','JJ474031','1900-01-05',NULL,'5542'),
(52,1,NULL,5,2,25,'KMHKR81AFNU074781','16161','1900-01-03','IONIQ 5 73 KWH EXE','1000'),
(53,1,NULL,1,2,25,'TMAJ3817GLJ131994','FS-836-WN','1900-01-08','CRDI 136 DCT-7 48V NLINE EDITION + TO','7648'),
(54,1,13,1,2,36,'KMHC751CGJU070624','ET-113-PG','1899-12-31','MY 18 HYBRID INTUITIVE','11421'),
(55,6,15,1,1,37,'WVGZZZ5NZBW015078','AX-658-ML','1900-01-06','2.0 TDI 140CH FAP SPORT & STYLE 4X2','3536'),
(56,1,NULL,NULL,2,25,'TMAJE812DNJ045741','GC-937-GP','1900-01-09',NULL,'7648'),
(57,1,NULL,5,2,38,'TMAK281GFNJ056897','GF-008-WT','1900-01-03','KONA ELECRTIC FL 64 KWH INTUITIVE PACK','11591'),
(58,1,NULL,NULL,2,39,'KMHK381EGLU009044','FP-551-CE','1899-12-31',NULL,'5831'),
(59,1,NULL,4,2,25,'TMAJC811BNJ085608','GF-562-VG','1900-01-03','TUCSON NG HYBRID 230 BUSINESS+SS','7648'),
(60,1,NULL,NULL,2,25,'TMAJC81AGMJ031770','FZ-936-QX','1900-01-05',NULL,'7648'),
(61,1,NULL,5,2,11,'KMHKM81AFNU044549','*1**','1900-01-03','IONIQ 5 73KWH INTUITIVE','8195'),
(62,1,NULL,4,2,11,'KMHK381EGNU088738',NULL,NULL,'KONA HYBRID FL BUSINESS','8195');
/*!40000 ALTER TABLE `vehicules` ENABLE KEYS */;
UNLOCK TABLES;

--
-- Table structure for table `vendeurs`
--

DROP TABLE IF EXISTS `vendeurs`;
/*!40101 SET @saved_cs_client     = @@character_set_client */;
/*!40101 SET character_set_client = utf8mb4 */;
CREATE TABLE `vendeurs` (
  `id` int(11) NOT NULL AUTO_INCREMENT,
  `nom` varchar(100) NOT NULL,
  `prenom` varchar(100) NOT NULL,
  `est_vn` tinyint(1) NOT NULL,
  `est_vo` tinyint(1) NOT NULL,
  PRIMARY KEY (`id`)
) ENGINE=InnoDB AUTO_INCREMENT=11 DEFAULT CHARSET=utf8mb4 COLLATE=utf8mb4_unicode_ci;
/*!40101 SET character_set_client = @saved_cs_client */;

--
-- Dumping data for table `vendeurs`
--

LOCK TABLES `vendeurs` WRITE;
/*!40000 ALTER TABLE `vendeurs` DISABLE KEYS */;
INSERT INTO `vendeurs` VALUES
(1,'HEDIN','LEA',1,0),
(2,'AUGEY','PATRICK',1,0),
(3,'VILLAIN','URSULLA',1,0),
(4,'MIROGLIO','CLARISSE',1,0),
(5,'AMALOU','KEVIN',1,0),
(6,'FERNANDES','ANTHONY',1,1),
(7,'AVILES','JEROME',1,0),
(8,'BROSSARD','JULIEN',1,0),
(9,'LAURENT','SEBASTIEN',1,0),
(10,'ROUBAUDI','HUGO',1,0);
/*!40000 ALTER TABLE `vendeurs` ENABLE KEYS */;
UNLOCK TABLES;

--
-- Table structure for table `ventes`
--

DROP TABLE IF EXISTS `ventes`;
/*!40101 SET @saved_cs_client     = @@character_set_client */;
/*!40101 SET character_set_client = utf8mb4 */;
CREATE TABLE `ventes` (
  `id` int(11) NOT NULL AUTO_INCREMENT,
  `vehicule_id` int(11) NOT NULL,
  `client_id` int(11) NOT NULL,
  `vendeur_vn_id` int(11) DEFAULT NULL,
  `vendeur_vo_id` int(11) DEFAULT NULL,
  `date_achat` date DEFAULT NULL,
  `date_livraison` date DEFAULT NULL,
  `type_vn_vo` varchar(10) DEFAULT NULL,
  `numero_dossier` varchar(50) DEFAULT NULL,
  `intermediaire_vente` varchar(100) DEFAULT NULL,
  `commentaire` longtext DEFAULT NULL,
  PRIMARY KEY (`id`),
  KEY `IDX_64EC489A4A4A3511` (`vehicule_id`),
  KEY `IDX_64EC489A19EB6921` (`client_id`),
  KEY `IDX_64EC489A3F3A4EB5` (`vendeur_vn_id`),
  KEY `IDX_64EC489A878629D0` (`vendeur_vo_id`),
  CONSTRAINT `FK_64EC489A19EB6921` FOREIGN KEY (`client_id`) REFERENCES `clients` (`id`),
  CONSTRAINT `FK_64EC489A3F3A4EB5` FOREIGN KEY (`vendeur_vn_id`) REFERENCES `vendeurs` (`id`),
  CONSTRAINT `FK_64EC489A4A4A3511` FOREIGN KEY (`vehicule_id`) REFERENCES `vehicules` (`id`),
  CONSTRAINT `FK_64EC489A878629D0` FOREIGN KEY (`vendeur_vo_id`) REFERENCES `vendeurs` (`id`)
) ENGINE=InnoDB AUTO_INCREMENT=43 DEFAULT CHARSET=utf8mb4 COLLATE=utf8mb4_unicode_ci;
/*!40101 SET character_set_client = @saved_cs_client */;

--
-- Dumping data for table `ventes`
--

LOCK TABLES `ventes` WRITE;
/*!40000 ALTER TABLE `ventes` DISABLE KEYS */;
INSERT INTO `ventes` VALUES
(1,1,1,NULL,NULL,'1900-01-08','1900-01-08','VN',NULL,NULL,NULL),
(2,2,2,1,NULL,'1900-01-01','1900-01-01','VN','VN301519',NULL,NULL),
(3,6,6,NULL,NULL,'1900-01-01','1900-01-01','VO','VO900402',NULL,NULL),
(4,7,7,2,NULL,'1900-01-01','1900-01-01','VN','VN003696',NULL,NULL),
(5,8,8,2,NULL,'1900-01-02','1900-01-02','VN','VN003674',NULL,NULL),
(6,10,10,3,NULL,'1900-01-05','1900-01-05','VN','VN500204',NULL,NULL),
(7,11,11,4,NULL,'1900-01-01','1900-01-01','VN','VN002881',NULL,NULL),
(8,12,12,NULL,NULL,'1900-01-01','1900-01-01','VN','VN002881',NULL,NULL),
(9,13,13,5,NULL,'1900-01-08','1900-01-08','VN','VN400589',NULL,NULL),
(10,15,15,2,NULL,'1900-01-02','1900-01-02','VN','VN003743',NULL,NULL),
(11,16,16,NULL,NULL,'1900-01-04','1900-01-04','VO','VO080681',NULL,NULL),
(12,18,11,NULL,NULL,'1900-01-02','1900-01-02','VN','VN002881',NULL,NULL),
(13,20,19,NULL,6,'1900-01-11','1900-01-11','VO','VO061609',NULL,NULL),
(14,21,20,7,NULL,'1900-01-01','1900-01-01','VN','VN003435',NULL,NULL),
(15,22,21,6,NULL,'1900-01-02','1900-01-02','VN','VN003727',NULL,NULL),
(16,24,23,NULL,NULL,'1900-01-02','1900-01-02','VO','VO061870',NULL,NULL),
(17,25,24,NULL,NULL,'1900-01-02','1900-01-02','VO','VO061964',NULL,NULL),
(18,27,26,NULL,NULL,'1900-01-02','1900-01-02','VO',NULL,NULL,NULL),
(19,28,27,NULL,NULL,'1900-01-02','1900-01-02','VO',NULL,NULL,NULL),
(20,29,26,NULL,NULL,'1900-01-02','1900-01-02','VO',NULL,NULL,NULL),
(21,30,26,NULL,NULL,'1900-01-02','1900-01-02','VO',NULL,NULL,NULL),
(22,31,25,8,NULL,'1900-01-03','1900-01-03','VN',NULL,NULL,NULL),
(23,32,26,NULL,NULL,'1900-01-02','1900-01-02','VO',NULL,NULL,NULL),
(24,33,26,NULL,NULL,'1900-01-02','1900-01-02','VO',NULL,NULL,NULL),
(25,34,26,NULL,NULL,'1900-01-02','1900-01-02','VO',NULL,NULL,NULL),
(26,35,26,NULL,NULL,'1900-01-02','1900-01-02','VO',NULL,NULL,NULL),
(27,36,28,9,NULL,'1900-01-01','1900-01-01','VN','VN301386',NULL,NULL),
(28,39,25,10,NULL,'1900-01-02','1900-01-02','VN',NULL,NULL,NULL),
(29,40,11,4,NULL,'1900-01-01','1900-01-01','VN','VN002881',NULL,NULL),
(30,41,11,4,NULL,'1900-01-01','1900-01-01','VN','VN002881',NULL,NULL),
(31,42,11,4,NULL,'1900-01-02','1900-01-02','VN','VN002881',NULL,NULL),
(32,43,11,4,NULL,'1900-01-02','1900-01-02','VN','VN002881',NULL,NULL),
(33,44,30,6,NULL,'1900-01-01','1900-01-01','VN','VN002950',NULL,NULL),
(34,49,34,NULL,NULL,'1900-01-01','1900-01-01','VO','VO061843',NULL,NULL),
(35,52,25,4,NULL,'1900-01-02','1900-01-02','VN',NULL,NULL,NULL),
(36,53,25,3,NULL,'1900-01-09','1900-01-09','VN',NULL,NULL,NULL),
(37,54,36,NULL,NULL,'1900-01-01','1900-01-01','VO','VO900403',NULL,NULL),
(38,55,37,NULL,NULL,'1900-01-03','1900-01-03','VO','VO061007',NULL,NULL),
(39,57,38,9,NULL,'1900-01-03','1900-01-03','VN','VN301551',NULL,NULL),
(40,59,25,2,NULL,'1900-01-03','1900-01-03','VN',NULL,NULL,NULL),
(41,61,11,4,NULL,'1900-01-02','1900-01-02','VN','VN002881',NULL,NULL),
(42,62,11,4,NULL,'1900-01-03','1900-01-03','VN','VN002881',NULL,NULL);
/*!40000 ALTER TABLE `ventes` ENABLE KEYS */;
UNLOCK TABLES;
/*!40103 SET TIME_ZONE=@OLD_TIME_ZONE */;

/*!40101 SET SQL_MODE=@OLD_SQL_MODE */;
/*!40014 SET FOREIGN_KEY_CHECKS=@OLD_FOREIGN_KEY_CHECKS */;
/*!40014 SET UNIQUE_CHECKS=@OLD_UNIQUE_CHECKS */;
/*!40101 SET CHARACTER_SET_CLIENT=@OLD_CHARACTER_SET_CLIENT */;
/*!40101 SET CHARACTER_SET_RESULTS=@OLD_CHARACTER_SET_RESULTS */;
/*!40101 SET COLLATION_CONNECTION=@OLD_COLLATION_CONNECTION */;
/*!40111 SET SQL_NOTES=@OLD_SQL_NOTES */;

-- Dump completed on 2025-03-17  3:42:22
